Type,Name,Amount,ID
1,Diego Aguilar,9742,1001
2,Laura Cruz Castro,351,1002
3,Rosa Valencia,1701,1003
2,Ronnie Phillips,3845,1004
3,Everly Merritt,8151,1005
1,Jakub Underwood,5057,1007
1,Layla Lin,2944,1008
2,Derek Pearce,1773,1009
1,Ria Marshall,3288,1010
3,Ronan Walker,8971,1011
3,Eric Carr,4762,1012
2,Eleni Fletcher,3900,1013
1,Elena Strong,6224,1014
3,Cassandra Bray,9942,1015
2,Aron Massey,5189,1016
3,Valerie Wood,6694,1017
1,Daniella Mullins,4978,1018
2,Gethin Joyce,5711,1019
2,Emilia Rhodes,7335,1020
3,Conrad Lynn,810,1021
